timestamp,emg1,emg2,emg3,emg4,emg5,emg6,emg7,emg8
81961475470,0,1,-1,-1,-1,0,-1,-1
81961475470,0,-1,-1,-1,0,0,-1,0
81961476254,-1,-1,0,-1,0,-2,-2,-1
81961476254,0,-2,-1,1,-2,-1,-2,-2
81961489104,-1,-1,-2,-1,0,0,-1,0
81961489104,0,-2,-2,-1,-2,-1,0,-2
81961497332,-2,-2,-3,0,-2,0,-1,1
81961497332,-1,-1,0,-2,0,-2,-1,1
81961512332,0,-1,0,-1,-3,-1,-1,-1
81961512332,-2,-1,0,-1,-2,-1,0,-1
81961513132,-1,-2,-4,-1,-2,-1,1,-2
81961513132,-1,-2,-1,0,-1,-1,-2,-2
81961535464,0,-2,-1,-1,0,-1,-1,-1
81961535464,0,-2,0,-1,-2,0,-2,0
81961536260,-1,-1,0,0,-1,-2,-2,-3
81961536260,-2,0,-2,-1,0,-1,-2,-3
81961549118,-1,-3,-2,-1,-1,-2,-1,-1
81961549118,-2,1,-1,0,-1,1,-2,-1
81961557288,-1,-2,-2,-1,-2,-1,-2,1
81961557288,-1,1,0,-1,1,-1,-1,0
81961572291,-1,0,-2,-2,-1,-3,-2,-3
81961572291,-1,-1,-1,-2,-1,-1,-2,0
81961573081,0,0,-1,-1,-1,-2,-1,-3
81961573081,-2,-1,-1,0,-1,1,-1,-1
81961595498,1,0,-1,-2,-2,-1,-2,0
81961595498,0,0,-1,0,-1,-1,1,-2
81961596335,0,-1,-1,-2,-2,-2,0,-1
81961596335,-1,-1,-1,-1,-2,-1,1,-2
81961609111,-1,-1,-1,0,-1,-2,-2,0
81961609111,0,0,0,-1,-1,-1,0,0
81961617313,-1,-1,-2,-1,-1,1,-2,1
81961617313,0,-2,0,-1,1,-1,-1,0
81961632496,-1,-1,-4,-1,-1,-2,-2,-2
81961632496,-1,-1,-2,-2,-1,-2,-1,-1
81961633111,-2,-1,0,0,-1,-1,0,-3
81961633111,-1,-2,-1,-2,-2,-1,-1,-1
81961655557,-1,-1,0,-1,0,0,0,-3
81961655557,-1,-1,-2,-2,1,-1,-2,-1
81961656271,-2,-1,-1,-2,0,1,-2,-1
81961656271,-2,-1,-2,-1,-1,-1,0,-2
81961669179,-1,-2,-1,0,0,0,-1,0
81961669179,0,0,-1,-1,-1,0,0,-1
81961677311,-1,0,-1,0,-1,0,-1,-1
81961677311,-1,-1,0,0,-1,-1,-2,-1
81961692280,-2,-1,0,-1,-2,0,0,0
81961692280,-1,-2,0,-1,-2,0,-1,-1
81961693101,0,0,0,0,-2,-1,-2,-1
81961693101,0,0,-2,0,-2,-1,-1,-1
81961715594,-1,-1,-1,-1,-1,-1,-1,1
81961715594,0,-2,-2,1,1,-2,-2,-2
81961716381,1,-1,-1,-3,-1,-3,0,0
81961716381,0,-1,-1,-2,-2,-1,-1,-1
81961729369,-2,0,0,0,0,-1,1,0
81961729369,-1,-1,0,-1,-2,0,-2,0
81961737379,-1,0,0,-1,1,-2,-1,0
81961737379,-2,-1,-1,-1,-1,-1,-1,1
81961752285,1,-1,0,-4,0,-1,-2,-2
81961752285,-2,-2,0,0,-1,-1,-1,-1
81961753054,-1,-1,-3,-1,0,-2,0,-2
81961753054,-1,-1,-2,-1,-2,0,-2,-1
81961775477,-1,-1,-2,0,0,-1,-1,-1
81961775477,-2,-1,0,-3,1,-2,-2,1
81961776286,-2,-1,-2,-1,-1,0,-2,-2
81961776286,0,-1,-2,-1,-1,-3,0,-1
81961797991,-2,-1,-2,-1,-1,-1,1,-2
81961797991,-2,-2,-2,-1,-3,-2,0,0
81961798805,0,-2,1,1,-2,-3,-1,0
81961798805,-1,0,-2,-2,-1,-1,-1,-2
81961812281,1,0,-3,-1,-1,0,-1,-2
81961812281,0,-1,-2,-3,-2,0,-1,-2
81961813091,-1,0,-3,-2,0,0,-2,-2
81961813091,-2,-3,0,-1,-2,-3,-1,0
81961835566,0,-1,-2,-1,0,0,-1,-1
81961835566,-1,-1,-3,-1,0,-2,0,-3
81961836278,-1,-2,-2,-1,-3,-1,1,-2
81961836278,0,-1,-2,-1,-1,-1,0,0
81961858105,-2,-1,-1,-1,-2,-1,-2,1
81961858105,-2,-2,-1,0,-2,-1,0,-1
81961858823,-2,-1,-1,0,-2,-2,-2,0
81961858823,-1,-1,0,-2,-1,-1,-1,-2
81961872511,-2,-2,-3,-1,-1,-2,-1,-1
81961872511,0,-1,-2,-2,0,-2,-2,0
81961873177,0,-2,1,-1,-1,0,-2,-2
81961873177,-1,-1,-2,0,-2,-1,-2,-2
81961895601,0,-2,-1,0,0,-1,0,-1
81961895601,-1,-2,-2,-1,-2,-1,-1,1
81961896402,-1,1,-4,-2,-2,-2,0,-1
81961896402,-2,-2,-2,0,-1,0,0,0
81961918273,-1,-2,-1,-1,-2,-1,-1,-1
81961918273,-1,-2,-2,-1,-1,-2,1,-1
81961918837,-1,-1,-1,0,-3,0,-1,0
81961918837,-1,-2,-1,0,-1,0,-2,-2
81961932536,-1,0,-1,0,-2,-1,-2,-1
81961932536,-1,0,-1,-1,-1,-1,-1,-1
81961933168,0,-2,0,-1,-2,-1,-2,1
81961933168,-1,0,1,-1,0,-1,0,-1
81961955680,-3,0,1,-1,-1,-1,0,0
81961955680,0,1,-1,0,0,-1,-2,-1
81961956320,0,-2,-3,-1,1,-1,-1,-1
81961956320,0,-2,-2,-1,-1,-2,-2,-2
81961978259,0,-2,-1,0,1,-3,-2,0
81961978259,-2,-1,0,-2,-1,-1,-1,-3
81961978855,-1,-1,0,-1,1,0,-1,1
81961978855,-1,0,-1,-2,0,0,-1,-1
81961992571,-3,-1,0,-2,-1,-1,-3,-2
81961992571,0,-1,0,0,0,-1,-2,-1
81961993141,0,-2,-2,0,-1,-1,-1,0
81961993141,0,-1,0,-2,0,-1,0,-2
81962015457,-1,1,-2,-1,-3,0,-2,-2
81962015457,-1,-2,-2,-2,-1,-1,-1,-1
81962016262,0,-2,-3,-2,-1,-1,0,-2
81962016262,-1,0,-2,0,-1,-1,-1,0
81962038031,0,-2,0,0,-2,1,-1,-2
81962038031,0,0,-1,-2,-1,-1,0,-1
81962038851,-2,0,-2,0,-2,0,0,-2
81962038851,-1,-1,-3,-1,-1,-2,-1,1
81962052514,1,-1,0,-1,-1,-1,-2,-3
81962052514,-2,0,-3,-1,0,0,-1,-2
81962053110,0,-1,0,0,0,-3,-2,-3
81962053110,0,0,0,-1,-1,-2,-2,-3
81962075540,-1,-2,-2,-1,-1,0,0,-1
81962075540,1,-1,2,0,-2,0,-1,-1
81962076347,-2,-1,-1,-1,-1,0,0,-1
81962076347,-2,-3,-2,-1,-2,-1,0,-2
81962098022,-2,0,0,0,-1,-2,0,1
81962098022,0,0,-2,-1,0,-3,-1,-2
81962098876,-1,0,-2,-1,-1,-1,-2,-1
81962098876,-2,0,1,-1,0,-1,-3,0
81962112512,0,-3,-1,-1,1,-1,-1,-1
81962112512,-2,-1,0,-1,-1,1,-1,0
81962113163,-1,-2,-1,0,0,-2,-3,0
81962113163,1,-1,0,-2,-1,0,-2,-1
81962134721,-2,-3,-1,-1,-1,0,-2,-1
81962134721,-1,-3,2,0,-2,-3,0,-1
81962142568,1,0,-1,-1,0,0,0,-1
81962142568,-2,-1,-2,1,1,-2,-1,-1
81962158237,1,0,1,-2,0,-3,-1,-1
81962158237,-2,-1,-1,-1,-1,-1,-2,-1
81962158887,-3,-1,0,-3,-1,1,-1,0
81962158887,-1,-2,-3,0,-2,0,-1,1
81962171773,-2,1,-1,-2,-2,-3,-1,1
81962171773,0,-1,-2,-1,0,-3,-2,-3
81962179999,-1,-1,1,-1,-3,0,-2,-3
81962179999,0,-1,-2,-1,-1,0,0,-1
81962195658,-1,-2,-2,-2,0,0,-2,-1
81962195658,-1,-1,-1,-3,-2,0,-1,1
81962196381,0,-1,-1,-1,0,-2,-2,0
81962196381,-1,-1,0,0,0,0,0,-2
81962218206,0,-3,-2,1,0,0,1,-2
81962218206,-2,-3,-2,0,0,0,-1,-2
81962218846,-1,0,0,-1,-1,-1,-1,-1
81962218846,-2,-1,-1,-1,-1,0,-2,-2
81962232571,-2,0,-1,-3,-1,-1,0,-1
81962232571,-1,0,-1,-1,0,-2,-1,-1
81962233117,-1,-1,-2,-2,-2,-2,-1,-2
81962233117,-2,-1,-1,-1,-1,-1,1,-2
81962255539,0,0,-1,1,0,-1,-1,-1
81962255539,1,-2,-1,-1,-1,-1,0,-1
81962256341,0,0,-1,-2,0,-3,-1,-2
81962256341,0,-1,-2,-3,-1,-1,-3,0
81962278261,-2,-1,-2,-1,-2,0,0,-3
81962278261,-3,-1,0,0,-2,0,-1,0
81962278856,-2,-1,-2,-1,-2,-1,0,0
81962278856,-2,-1,0,-1,-2,-1,-1,-1
81962291870,-2,1,1,-1,-2,-2,-1,-1
81962291870,0,-1,-2,-7,-1,1,-2,0
81962300797,-1,-3,-2,4,-3,-1,-1,-1
81962300797,-1,-2,0,5,1,-2,-2,0
81962315725,-1,-1,-1,-2,-1,-1,-2,-1
81962315725,-1,-1,0,7,2,1,0,1
81962317211,1,0,-1,5,4,1,-2,-1
81962317211,-2,-2,-3,-3,-12,-3,-1,-2
81962338181,-1,-1,-1,-6,-1,-1,-2,-2
81962338181,1,1,-1,-29,-6,0,-1,-1
81962339639,2,2,-2,28,5,0,1,2
81962339639,-1,0,-3,11,3,-1,-1,-1
81962351827,-1,0,-1,-30,-1,-2,-2,-1
81962351827,9,-2,5,38,2,-2,-1,-5
81962360742,-1,-2,-8,-16,-2,-4,-2,23
81962360742,3,3,0,9,2,0,2,-1
81962375123,-4,-4,-1,-14,-10,0,0,-1
81962375123,-1,0,-3,-10,1,-3,-5,3
81962381883,-6,-5,-6,-40,-10,-1,-4,-20
81962381883,0,-1,0,-11,10,2,1,1
81962398239,2,1,2,18,-4,1,1,7
81962398239,-2,4,3,2,0,-1,-2,-36
81962399666,1,1,4,13,6,-2,2,37
81962399666,-6,-5,-6,3,-7,-5,-3,-3
81962411798,-2,-2,-2,20,9,5,1,-8
81962411798,-3,-2,-1,27,3,-9,-1,4
81962420742,-7,0,-1,-51,-16,-1,-2,-14
81962420742,10,1,0,10,7,5,-1,10
81962434379,-3,-3,0,16,-1,-3,-4,1
81962434379,12,20,2,6,5,0,3,6
81962443207,-1,-3,0,-2,-5,-1,-4,-9
81962443207,-14,-1,2,8,2,-7,0,-19
81962458029,6,-1,-8,-42,2,2,-6,9
81962458029,-8,-2,-4,-26,-13,0,1,10
81962459598,-5,-4,0,-8,-7,17,10,-9
81962459598,3,0,2,13,-2,-26,-2,-8
81962471859,-7,-2,-5,-31,-6,5,-7,0
81962471859,-3,-6,2,-12,-13,1,2,5
81962480655,6,3,1,-7,-5,2,-4,-10
81962480655,-7,-4,0,10,5,19,4,6
81962495113,4,-1,0,-15,2,-7,-5,-14
81962495113,-8,-8,-8,26,-4,-12,-8,2
81962501748,2,1,1,2,2,-4,3,-3
81962501748,-1,-1,-6,-4,-4,-4,-12,0
81962518287,1,0,2,-1,-2,11,19,9
81962518287,-3,-3,-2,-31,-1,2,1,-8
81962519690,-8,0,-1,31,15,-1,-3,-47
81962519690,6,-6,0,-21,-3,-16,-7,21
81962531664,3,15,2,-7,-3,-25,-23,-48
81962531664,6,-9,-5,7,-14,16,12,68
81962540650,-9,-3,-2,22,17,5,-1,-7
81962540650,8,-2,4,-31,10,10,12,13
81962554864,-7,-3,-4,12,-9,9,-2,-17
81962554864,-4,-1,0,7,10,-5,9,-13
81962561666,1,-3,-1,6,-9,0,-10,9
81962561666,-5,3,-1,-16,-10,4,9,-9
81962577989,-4,-5,-2,8,6,-14,-14,18
81962577989,-2,-2,-4,-29,-25,-14,-14,-14
81962579616,-3,-5,-4,-4,0,8,-5,-5
81962579616,-6,-2,-5,19,14,-6,11,-8
81962591679,12,1,4,25,-13,33,7,-37
81962591679,4,-5,-4,-14,20,-36,-9,82
81962600631,4,3,-1,1,-18,-19,10,-5
81962600631,-2,3,-3,-12,-9,40,8,-18
81962614805,-11,-8,-10,5,5,-37,-24,1
81962614805,4,6,5,15,7,-14,-4,-16
81962621639,0,1,0,-15,-9,5,-14,16
81962621639,9,2,4,27,10,59,-4,49
81962638049,-8,-5,0,-10,-9,-63,19,-51
81962638049,-6,-2,-5,-31,6,67,-13,-18
81962639671,-2,-5,2,23,-12,-70,-1,35
81962639671,-10,-2,-3,-25,-3,15,25,-34
81962651665,6,1,-2,2,24,60,1,54
81962651665,-8,0,-1,9,-31,-27,-29,-85
81962660745,4,-2,-2,-14,-12,7,0,14
81962660745,-7,0,-5,-33,-34,-44,0,-18
81962674836,-9,-2,-4,34,18,27,13,-15
81962674836,2,-17,0,-32,1,-16,10,58
81962681617,-1,-5,-9,-29,-8,57,3,-35
81962681617,1,0,8,67,23,-80,-16,8
81962697977,-3,-6,-7,-21,2,20,-11,58
81962697977,-1,7,-6,21,-5,28,18,-11
81962699612,-9,-7,-9,-24,5,8,-5,-8
81962699612,6,-5,0,18,7,-38,-1,21
81962720421,0,5,2,-2,18,5,-6,-16
81962720421,-2,3,5,53,18,6,2,-9
81962722077,-1,-1,2,-28,-21,-29,-4,14
81962722077,-8,2,2,20,-10,15,-9,-39
81962734919,2,-4,0,84,12,29,2,15
81962734919,-1,-4,-4,-34,-5,6,5,16
81962741622,6,1,5,21,13,-34,15,19
81962741622,-2,-1,-5,-11,18,11,-27,-8
81962758012,4,-1,0,-64,-36,-20,7,14
81962758012,-13,-4,-3,-3,-1,6,12,67
81962759604,-4,1,-1,40,24,-4,-9,-28
81962759604,-1,-1,-5,-24,-7,-2,-5,6
81962780471,0,-1,2,-29,6,20,9,10
81962780471,-4,10,-6,-19,2,-6,-3,-52
81962782084,-4,-1,-2,-2,13,-4,-7,5
81962782084,-1,-7,-9,-5,-34,8,-8,9
81962794787,-9,-5,-5,25,-9,-16,1,-40
81962794787,9,-3,2,-22,1,-11,-5,40
81962801681,4,5,5,5,26,9,2,5
81962801681,-4,-2,-1,8,-7,13,3,1
81962818029,-3,-2,-2,-10,-51,-23,-2,-40
81962818029,10,-5,-1,6,-9,-11,2,26
81962819718,7,0,0,-18,-1,21,13,16
81962819718,-2,0,5,-10,16,0,-5,-6
81962840729,2,4,7,37,-13,-8,7,12
81962840729,-11,0,-6,-45,7,-4,-9,-53
81962842282,-10,-10,-10,-6,-25,-2,-4,-12
81962842282,0,4,3,-33,-1,-7,-11,-27
81962855456,-3,-2,3,16,8,-4,5,17
81962855456,-1,7,10,67,18,13,10,-19
81962863148,0,0,-10,-75,-11,14,3,6
81962863148,-5,-4,-5,-16,-26,-11,-11,3
81962878210,-3,2,1,6,17,-15,-10,-17
81962878210,-3,-3,-4,9,-1,-3,-7,-40
81962879708,3,0,9,17,16,-3,-7,-14
81962879708,-4,-5,-11,28,-20,-8,2,-4
81962900471,2,-3,-4,-39,-7,12,10,29
81962900471,2,2,5,-15,28,-6,-1,-12
81962902084,4,3,8,84,-1,11,-4,-8
81962902084,0,2,3,-42,-17,-4,-6,-5
81962914161,5,-2,-12,-34,-15,-30,-11,2
81962914161,8,-1,7,-12,-8,23,19,29
81962923168,-4,2,1,24,19,-5,-6,-4
81962923168,-5,-18,0,-2,4,5,9,12
81962938176,-6,1,10,-1,6,-3,-7,-15
81962938176,-10,-7,-10,1,-27,-17,-13,-29
81962939666,1,-4,-5,-16,0,-1,4,10
81962939666,6,5,1,20,8,14,8,10
81962960196,-6,5,-10,23,18,-1,-8,-2
81962960196,-3,-9,4,-9,0,-6,-3,-22
81962966840,-6,-1,6,16,-32,-13,-14,-19
81962966840,4,0,-3,-4,16,7,7,2
81962974089,1,4,6,1,-19,-7,-3,6
81962974089,-5,-6,-21,-14,3,2,-4,-3
81962983215,-6,-1,-3,0,1,-4,-8,-16
81962983215,6,1,2,-12,3,-4,1,17
81962998251,6,-4,1,-32,2,7,10,12
81962998251,-1,0,1,11,-3,-3,-3,0
81962999719,1,-2,-2,-23,8,1,5,4
81962999719,-4,0,0,62,4,2,-5,-7
81963020460,-4,-4,-6,-45,7,1,-4,-3
81963020460,4,3,6,-7,-8,0,11,-4
81963024009,-1,-2,-7,-25,7,-1,5,8
81963024009,-7,1,3,-5,-2,-3,-9,-21
81963034971,2,-4,-3,19,-2,-7,1,8
81963034971,-8,-2,-3,2,-12,-8,-11,-11
81963043088,2,9,3,-3,-1,2,9,-2
81963043088,-1,-11,0,17,-2,2,1,3
81963057955,-4,-5,-3,-17,-15,-5,-7,-3
81963057955,-1,0,-2,1,-3,-4,-6,-7
81963059552,0,1,-3,18,13,2,-4,-9
81963059552,-2,0,-4,-25,-15,-4,2,10
81963080755,-1,0,3,13,2,4,-3,-4
81963080755,0,-2,-10,-17,-12,-1,2,6
81963082183,-2,-3,2,22,-10,0,-3,2
81963082183,-1,1,-5,-72,-1,-1,-2,-2
81963094240,-2,-2,2,26,9,-2,-1,-4
81963094240,-2,0,5,23,4,0,-3,-1
81963103250,1,-3,1,-1,-10,1,3,11
81963103250,0,2,-5,-24,2,-4,-10,-23
81963118035,6,1,3,28,-19,6,15,18
81963118035,-2,-1,2,5,-1,-5,-8,-13
81963119626,-2,-3,-3,4,5,-1,0,3
81963119626,-2,6,11,20,9,-1,-7,-2
81963140480,0,3,-9,-19,12,3,-2,-3
81963140480,-5,-3,-1,11,-1,1,-5,-17
81963142193,-1,-13,-17,-6,-4,-2,4,17
81963142193,1,4,4,-8,-3,-1,1,5
81963154194,-5,2,-7,35,-3,-8,-12,-6
81963154194,-2,-12,4,17,20,10,12,12
81963163237,1,12,15,40,3,-1,-7,-5
81963163237,-1,-9,-11,8,0,2,3,8
81963178241,-2,8,-7,-16,-14,-10,-4,-3
81963178241,6,-2,7,-7,2,-5,-4,6
81963179726,-2,2,14,-21,-14,-9,-6,-9
81963179726,6,16,1,22,-2,-8,-6,-4
81963200685,-6,14,-13,-42,-8,1,-9,-19
81963200685,-22,-39,-6,21,29,23,18,15
81963202151,-1,-13,0,-32,-11,-4,6,45
81963202151,-8,4,-5,21,-3,-5,3,-50
81963214216,14,5,18,-11,1,-2,-1,63
81963214216,-61,-24,-32,-2,-11,-7,-7,8
81963223129,31,11,-11,16,23,14,19,31
81963223129,3,8,15,-36,-21,-10,-8,36
81963238190,26,-2,17,37,2,-3,-13,-37
81963238190,38,35,12,-17,-3,-7,20,12
81963239677,17,-6,-36,-26,-4,7,11,81
81963239677,-9,-12,34,75,29,8,-36,-78
81963260587,2,-15,-27,4,-18,2,46,32
81963260587,19,25,16,3,-8,-9,-10,67
81963262114,-43,2,-6,-49,-19,-9,-26,-95
81963262114,41,-4,-3,-25,7,9,1,-32
81963274204,-17,-11,-21,25,30,9,22,47
81963274204,-1,15,32,-25,-36,-19,-24,-60
81963290678,-46,-14,-40,38,-7,-13,-11,-27
81963290678,-9,-14,-62,-42,-9,-1,3,52
81963298100,-20,-7,35,-23,-3,4,-11,-47
81963298100,12,6,-22,-12,5,2,12,16
81963299629,7,1,26,-2,-4,-2,-12,-13
81963299629,2,10,-50,7,-1,-9,19,16
81963320679,0,-14,31,-57,-6,-7,-10,-10
81963320679,-5,2,-9,59,-1,7,-11,-38
81963322176,3,-7,8,-12,-7,-4,-16,-15
81963322176,-19,3,-8,-2,6,-3,13,4
81963334373,-5,2,15,-4,-7,5,-4,0
81963334373,2,-12,-6,82,44,9,-3,-30
81963343200,9,8,12,-10,10,25,22,18
81963343200,-27,-6,11,-19,-10,31,7,16
81963358150,3,2,-10,-4,-11,-42,-23,-20
81963358150,3,-2,4,-14,-3,-7,-5,3
81963359681,1,-2,-5,60,7,2,7,-6
81963359681,0,-4,5,-90,-18,-23,-3,5
81963380711,-2,-7,-15,26,-9,3,-9,-3
81963380711,-10,-1,-3,29,0,-4,-6,-13
81963382101,5,5,3,-23,-4,-12,-3,-12
81963382101,-1,-10,16,8,7,18,7,14
81963394242,-14,-22,0,38,14,3,-6,-31
81963394242,3,-5,-4,-24,-10,-5,2,11
81963403305,6,3,5,-10,-1,-1,-1,-5
81963403305,8,5,6,13,-2,-6,-6,-2
81963418976,-9,3,-12,-2,7,5,2,-5
81963418976,2,0,2,-21,-4,4,2,3
81963424235,10,1,3,8,-3,-5,-3,0
81963424235,-6,-2,3,33,0,-3,-2,-6
81963440590,4,7,-3,1,8,7,7,5
81963440590,-3,-1,-2,-15,-11,-3,-4,-3
81963442161,-26,-6,-1,15,0,-5,-3,-20
81963442161,8,1,1,12,1,-2,2,8
81963454296,4,3,-3,17,8,2,0,3
81963454296,7,2,-1,-9,-4,-2,-1,0
81963463285,-8,-14,-5,-16,-4,-5,-1,-3
81963463285,-4,-2,5,26,-3,-2,-2,0
81963477454,4,7,-3,-5,2,-1,-3,3
81963477454,-7,-12,-6,-23,-1,-1,-4,-8
81963484305,12,8,7,-1,-1,1,1,-3
81963484305,-1,-2,0,-2,-3,3,-1,1
81963500715,-5,0,-4,2,0,-3,-4,-13
81963500715,7,4,1,-3,-2,1,3,9
81963502124,3,0,5,19,-1,2,1,1
81963502124,-2,-2,0,17,0,-5,-1,-1
81963514358,-4,-2,-8,15,9,0,0,-2
81963514358,-1,2,2,5,9,-1,-2,-3
81963523188,2,-2,0,-15,-12,3,2,2
81963523188,-6,-2,-1,-19,-7,-6,-2,-4
81963537511,-4,-3,-2,-9,-1,4,1,3
81963537511,4,3,1,-23,-12,3,-1,0
81963544157,0,0,-1,35,12,-6,-3,-6
81963544157,3,1,1,2,3,4,4,2
81963560506,0,-1,-3,-9,-6,-8,-6,1
81963560506,-4,-4,-3,-16,-6,-3,-1,-3
81963562109,2,2,4,5,9,12,7,3
81963562109,-10,-7,-9,-18,-3,-5,-3,-1
81963574153,11,6,4,0,-6,4,0,3
81963574153,-1,3,1,-6,0,-7,-4,-3
81963583202,2,0,-11,-5,-21,-9,-5,-4
81963583202,-7,-12,4,21,8,-2,-2,0
81963598290,-2,-2,-3,-9,0,0,1,0
81963598290,-1,-2,-4,8,-2,-1,-2,-3
81963605780,1,3,0,-44,-14,-3,0,1
81963605780,1,0,-1,24,11,-3,-3,-1
81963620530,-1,-1,-3,8,-4,2,1,0
81963620530,-3,-4,-2,-6,-1,-2,0,-2
81963622112,-5,-1,0,-12,0,-6,-5,-2
81963622112,1,2,-1,11,-1,1,0,0
81963643119,-2,-3,0,-20,0,-3,-2,-1
81963643119,-1,0,-2,-8,-4,0,0,0
81963644636,-2,-3,-2,-12,-4,-2,-3,-4
81963644636,2,1,3,8,-3,-2,-2,-2
81963657340,1,1,-4,-4,-8,-5,-1,-1
81963657340,-4,-6,-9,-8,-3,-2,-1,-4
81963664409,-8,3,-2,1,0,-1,-1,-1
81963664409,0,2,0,-8,-1,0,1,0
81963680743,-3,-5,-1,1,7,0,3,2
81963680743,3,4,1,-2,-3,2,2,0
81963682169,-1,-4,-1,3,7,-2,-1,-3
81963682169,1,0,-2,1,-13,-2,-2,-1
81963703277,-5,-2,-2,-5,-4,-1,-2,-1
81963703277,0,2,0,-5,-5,-2,-1,-1
81963704696,1,-3,0,17,10,3,1,0
81963704696,0,0,-1,-5,3,0,-1,-1
81963717497,-6,-2,-3,-4,-13,-4,-2,-3
81963717497,-2,-3,0,-12,-3,-1,-1,-1
81963724293,-2,-3,-1,-9,-8,-1,-1,-1
81963724293,1,-3,-1,-6,4,0,0,-2
81963740527,-5,-3,0,18,0,-1,-3,-1
81963740527,-1,-3,0,-5,2,0,1,1
81963742144,-1,-4,-4,0,3,-4,-3,-3
81963742144,-5,-3,-3,1,-3,-3,-4,-4
81963763017,2,0,0,-13,-3,1,-1,-1
81963763017,-3,-3,-2,28,3,-4,-3,-3
81963764585,10,12,0,-7,-1,-3,-1,-1
81963764585,-3,-3,-2,-7,-2,-1,1,-1
81963785535,2,0,1,7,7,5,2,0
81963785535,0,-1,0,2,2,-1,-1,0
81963787170,-24,-1,-2,5,-4,-7,-4,-4
81963787170,-3,-2,-5,3,-3,-5,-3,-4
81963800709,0,-2,-2,-1,8,10,-1,0
81963800709,-2,0,1,-9,-4,1,-1,-4
81963802173,3,-7,2,-4,3,8,5,2
81963802173,3,1,-2,-9,-2,-10,-2,2
81963823033,-3,-1,-4,-4,-5,-5,-2,-3
81963823033,-1,-1,2,10,1,3,0,1
81963824679,1,-3,-5,2,2,0,-1,-4
81963824679,-1,-1,-3,-11,-7,3,-2,1
81963836864,2,-1,-4,-10,-8,-10,0,-1
81963836864,-1,-2,-2,9,-2,-15,-2,1
81963845808,1,0,1,9,4,17,0,0
81963845808,-1,-1,-2,0,1,9,8,2
81963860716,2,2,2,4,-1,-2,-8,-3
81963860716,-1,-2,-3,-6,-8,-9,-3,-1
81963862169,0,-3,1,-4,-7,-17,-8,-1
81963862169,3,9,0,0,6,23,2,-4
81963883162,-3,-5,-2,-3,-6,-9,8,2
81963883162,2,1,-2,-4,-1,-6,-4,-1
81963884636,1,-2,-1,13,7,2,-1,-2
81963884636,1,0,0,-11,-15,-8,-5,-1
81963896888,11,-3,0,-4,1,1,-7,-3
81963896888,1,4,2,-1,2,6,3,2
81963905764,-6,-5,-5,0,-1,-4,1,0
81963905764,-2,-3,0,0,5,-2,-1,-1
81963920574,1,1,0,-4,-3,-4,-5,-2
81963920574,-4,-7,-6,0,-4,1,-2,-5
81963922124,1,2,-4,-6,-1,-12,-5,0
81963922124,-2,-5,2,4,4,2,-4,1
81963943037,1,14,2,0,1,2,4,0
81963943037,-3,-1,-3,8,-4,-4,-2,-1
81963944625,1,1,0,-10,-2,12,2,-1
81963944625,-5,-6,-1,-4,1,-3,-1,-1
81963956732,-3,1,-3,-3,-3,-7,-1,-1
81963956732,-4,-1,-2,1,1,4,-4,-2
81963965582,4,0,2,10,0,5,3,-1
81963965582,2,0,0,-7,-4,-12,0,3
81963980710,-5,-5,-4,-10,-2,-4,-4,-2
81963980710,-2,-3,-1,-1,1,2,-3,-2
81963982111,1,-6,-3,-1,-2,2,-1,1
81963982111,-1,1,-2,4,5,2,2,0
81964002983,-3,-2,0,1,-3,1,-2,-1
81964002983,-3,-3,-2,-2,-1,-1,3,1
81964005499,-1,1,-2,-2,5,2,1,-1
81964005499,-3,-1,0,-4,-14,-9,-8,-5
81964016639,-1,-2,0,7,5,0,3,3
81964016639,0,-1,-1,-1,-1,5,-2,-1
81964025693,-4,-4,1,-2,-7,-9,-3,-4
81964025693,0,-1,-1,-4,-1,-6,-1,-1
81964040588,-3,-5,2,1,4,3,0,-2
81964040588,2,1,-2,-3,-1,10,1,0
81964042095,-1,-2,-2,4,-4,-10,-1,-1
81964042095,0,-3,-1,-2,1,-3,-3,-2
81964062999,-2,0,0,7,-3,-5,0,0
81964062999,0,2,-2,-16,3,10,0,0
81964064657,0,-3,1,-3,0,-2,-1,-1
81964064657,-1,-1,0,6,-9,-7,-7,-4
81964076671,0,-1,-3,-4,0,3,2,1
81964076671,-2,-1,-3,3,-9,-14,-4,-1
81964087245,-2,-2,-2,0,0,0,-1,0
81964087245,1,0,-1,-4,6,-2,1,2
81964100464,-4,-3,-2,6,4,21,-2,0
81964100464,0,-3,-3,-2,0,-19,-4,-2
81964102095,-2,0,0,-2,-4,-3,-4,0
81964102095,-2,-3,-1,-1,1,10,5,-1
81964122971,-1,-2,-4,1,-2,-2,1,-3
81964122971,-2,-1,1,-3,-2,-3,-2,-3
81964124716,-1,-2,-3,-5,-5,-5,-2,-4
81964124716,-2,-1,-3,-5,-9,-15,-2,-3
81964136758,0,-1,0,-1,3,6,-1,0
81964136758,0,-1,-2,-2,4,12,2,0
81964145685,0,1,-2,1,2,1,1,0
81964145685,-3,-2,0,6,0,0,1,-1
81964160607,-1,-3,-2,-19,-13,-12,-5,-2
81964160607,-6,-1,6,24,4,-3,-4,0
81964162188,-10,4,10,6,3,3,-8,4
81964162188,-14,4,13,13,7,4,-7,3
81964183038,-12,1,6,-3,1,-6,-4,1
81964183038,3,-3,2,0,1,-2,2,-2
81964184608,11,-5,-7,-7,3,-5,3,-5
81964184608,21,-4,-11,1,3,2,7,-6
81964196701,18,-2,-11,2,1,3,2,-6
81964196701,16,0,-9,-12,-6,-1,-2,-4
81964205793,7,-2,-5,0,-5,-7,-3,-4
81964205793,-3,0,-1,-11,-2,8,-2,-1
81964220609,-11,16,6,2,-3,-6,-5,-1
81964220609,-13,3,11,6,1,-9,-6,4
81964222117,-16,4,11,-1,5,9,-8,5
81964222117,-11,0,10,5,11,-1,-3,-2
81964243194,-6,-1,6,18,-1,-3,-3,-2
81964243194,-6,-3,-7,-21,-3,0,2,-1
81964244591,2,-5,-4,5,5,-3,4,3
81964244591,7,0,-14,-17,-3,3,7,10
81964256722,2,-8,-14,13,1,-1,10,11
81964256722,-3,-7,-14,14,-2,-1,6,-3
81964265671,7,-9,-26,-50,-18,0,7,9
81964265671,-4,-5,-16,45,-6,-1,0,-3
81964280762,-6,-4,-8,-39,-13,-3,-5,-47
81964280762,9,-1,-2,4,-10,0,3,36
81964282252,-3,3,5,-7,-8,3,-3,-16
81964282252,-5,0,9,-11,-4,-4,-10,-25
81964302786,8,2,11,11,5,-2,-5,-4
81964302786,11,16,10,17,-3,1,-3,-22
81964309150,-11,4,10,19,1,-2,-1,-1
81964309150,16,9,9,-9,1,-1,0,19
81964316753,0,6,5,4,4,0,-4,15
81964316753,1,3,8,6,9,2,-6,11
81964325615,3,-2,2,7,4,-2,-3,23
81964325615,-4,14,-3,-33,-9,-6,-5,-2
81964340652,-12,-7,0,11,3,-2,-3,3
81964340652,-10,-9,-3,9,1,-3,-10,-10
81964342154,-5,-3,-2,-1,1,-3,-3,-6
81964342154,-7,-2,4,-8,6,1,-5,-9
81964363028,-1,-21,-1,11,1,1,-1,4
81964363028,5,-6,-2,-19,-2,-3,-3,-6
81964364620,-4,-3,0,3,2,-2,-4,-17
81964364620,2,-11,-2,7,4,1,2,-2
81964376732,1,0,-1,-7,0,-2,3,4
81964376732,-13,-7,-2,-8,3,3,5,-2
81964385801,1,-1,-2,9,-3,-1,2,-4
81964385801,0,-2,-4,-4,-2,0,2,1
81964400087,4,-1,-5,0,-2,-2,4,4
81964400087,-11,-3,-5,-36,-4,-1,-2,-6
81964406683,-1,6,-7,-9,-1,-2,0,-3
81964406683,-5,-3,-3,-6,-5,-3,-2,2
81964423023,1,16,-3,-17,-7,-2,-1,-3
81964423023,-4,-10,-4,8,2,-1,1,-2
81964424581,3,0,-4,15,-4,-4,-2,0
81964424581,-19,-4,-2,-25,-6,-3,1,1
81964436918,-26,-42,-17,6,-5,-2,-4,-2
81964436918,1,9,2,-12,2,1,0,-2
81964445732,5,-3,5,-1,-2,1,0,2
81964445732,1,-11,-7,5,-6,-1,-2,-1
81964460060,0,3,3,10,2,-1,-2,0
81964460060,-1,3,2,-6,-2,0,1,1
81964466746,-3,-9,-3,17,-1,-2,-4,-5
81964466746,5,4,-1,-17,-2,1,-1,0
81964483190,4,5,-1,-2,-1,0,0,2
81964483190,1,-2,-3,9,0,-1,-2,-3
81964484662,3,18,0,-6,0,-1,-1,-1
81964484662,2,-9,1,4,-2,-3,-2,-4
81964496755,7,7,-2,-8,-3,-1,-2,0
81964496755,-1,-3,0,4,0,-1,-1,-1
81964505740,-5,-3,-3,-12,-2,-1,0,0
81964505740,1,2,2,11,1,-1,0,1
81964519894,-8,-9,1,-6,1,-2,-3,-5
81964519894,-11,10,-1,-3,-3,0,1,0
81964526737,-9,-6,2,-4,0,1,-2,-9
81964526737,-1,-2,-6,12,0,-3,-2,3
81964543019,26,7,3,-2,0,1,0,3
81964543019,-2,-3,-2,-3,-3,-1,-2,0
81964544615,1,-7,-4,-2,-2,-2,0,-4
81964544615,1,7,2,6,1,0,-3,-1
81964556629,-8,-10,-2,-10,-4,-1,-1,2
81964556629,1,-2,-4,-3,-5,-2,-1,-5
81964565632,2,-1,-1,-1,-1,-1,-3,0
81964565632,1,5,6,12,3,0,0,4
81964579811,-3,4,-9,-13,-4,-2,-2,0
81964579811,1,-3,0,2,-1,-2,-2,-2
81964586622,-1,-1,0,-3,0,0,1,1
81964586622,-1,-2,-2,-1,-2,-2,-2,-3
81964602972,-3,2,5,2,3,-2,-2,-2
81964602972,3,-3,-2,1,-3,0,-2,-1
81964604566,-7,-25,-3,-5,-1,-2,-1,-2
81964604566,-20,1,-4,0,0,-2,0,-5
81964625497,11,0,1,-3,-1,-1,-3,-4
81964625497,-14,-19,-3,-6,-3,-4,-2,3
81964627112,-6,6,-2,-2,-2,-1,0,2
81964627112,9,3,0,1,0,0,-2,-3
81964639814,17,-6,-2,-2,1,0,6,30
81964639814,13,8,1,0,1,-1,0,-4
81964646570,7,2,0,0,-1,-2,-3,1
81964646570,-6,-12,-4,-2,-2,-1,-1,0
81964662968,-9,7,-1,-1,0,0,-1,-6
81964662968,5,0,1,-1,-1,0,0,-1
81964664639,0,2,7,6,1,0,1,3
81964664639,6,-1,0,3,0,-1,-2,-5
81964685519,-9,-2,-7,-6,-3,-3,-2,-4
81964685519,0,3,1,2,-1,-1,0,0
81964687161,-2,-1,-2,-4,-1,-1,-3,-5
81964687161,0,16,4,2,1,-1,-1,0
81964699150,-4,-5,-1,0,0,0,0,-3
81964699150,21,0,1,0,1,0,-1,1
81964708179,-10,-8,-1,0,1,1,1,2
81964708179,18,10,-3,-3,-2,-1,0,3
81964723023,-5,0,0,0,0,0,0,-2
81964723023,0,-4,-2,-2,-1,-2,-1,-3
81964724684,1,-3,-3,-3,-2,-1,0,-2
81964724684,-3,-8,-3,-5,-3,0,-1,-2
81964745640,-8,-1,3,0,-1,-1,-2,-5
81964745640,-3,1,-2,1,1,-1,0,0
81964747109,9,10,-1,-2,-2,-3,0,-2
81964747109,-21,-9,0,3,2,1,0,2
81964759876,1,7,6,3,-1,1,-1,-4
81964759876,-19,-3,-8,-5,-5,-1,-1,-4
81964766902,-1,-23,-4,-2,-1,1,-3,1
81964766902,4,-6,-6,-8,-4,-2,0,-2
81964783282,-1,-2,4,2,0,0,-1,-1
81964783282,-26,-4,-1,-1,0,-1,-4,-5
81964784654,-1,8,-2,-3,-1,-1,-3,-3
81964784654,1,-5,1,2,-1,-1,-2,-2
81964805669,-8,-1,-5,-3,-1,-3,-1,-2
81964805669,5,3,0,-3,0,-2,1,1
81964807158,-6,-9,-4,-1,-1,0,0,0
81964807158,2,1,-2,-1,-1,-2,-3,-1
81964819877,1,2,-3,-2,-3,-2,-2,0
81964819877,5,2,0,-1,-2,-1,-1,0
81964826871,-4,3,0,-2,-1,-2,-1,0
81964826871,-3,-3,-6,-4,-2,-2,-1,-2
81964843221,-14,-31,-6,-5,-2,-2,-3,-6
81964843221,2,2,0,-2,-1,0,-1,-1
81964844589,-1,5,-2,-4,-2,-2,-2,-2
81964844589,3,16,4,1,-1,0,1,0
81964865672,5,-3,-4,-1,-1,0,-1,-1
81964865672,-26,-6,-5,-4,-3,-2,-2,-4
81964867174,4,4,1,2,0,-1,-2,-2
81964867174,-2,-2,-2,-2,0,-2,-2,0
81964879916,0,9,2,1,2,-1,-1,-1
81964879916,7,-1,2,3,-1,-2,1,0
81964886879,-4,-1,-5,-4,-1,-2,-2,-1
81964886879,12,-1,-1,-1,-2,0,-1,0
81964910758,0,3,1,0,-1,0,-1,0
81964910758,5,-3,-1,0,0,-3,-1,0
81964912150,-1,6,1,-2,-3,-1,1,0
81964912150,-6,-9,-1,-1,-1,-2,-1,-2
81964925550,2,3,-1,-1,-2,-1,0,-1
81964925550,7,6,-1,-1,-2,0,-2,-2
81964927147,1,16,-2,-1,-2,-2,-1,1
81964927147,-5,-13,0,-1,0,-2,0,-2
81964948194,6,17,1,2,-1,-1,-1,-1
81964948194,-4,-7,-3,-1,-1,-2,-2,0
81964949647,1,1,1,0,0,-2,-1,-1
81964949647,-5,-6,-1,-1,1,0,-2,0
81964963159,5,9,2,-2,-1,0,1,1
81964963159,5,-13,-5,-2,-2,0,-1,-1
81964964568,10,1,0,-1,-1,0,0,-1
81964964568,-1,0,1,0,0,0,-1,0
81964985514,-7,-9,-6,-3,-2,-4,0,-1
81964985514,-5,-4,-1,-1,1,0,0,-1
81964987143,1,-5,-1,0,0,0,0,0
81964987143,-3,-3,-1,-2,-2,-2,-1,-1
81965000065,3,-2,2,0,1,-1,-2,-1
81965000065,4,22,4,1,-1,0,0,0
81965006653,-2,-4,-3,-1,0,-1,-1,-1
81965006653,-3,3,-2,-1,-1,0,-1,-2
81965022969,-3,-5,0,-2,-3,-1,-1,-1
81965022969,2,3,2,0,1,-1,-2,-1
81965024614,-3,-3,-1,1,-3,-1,-3,-1
81965024614,-2,-5,-3,-1,-2,-2,-2,-1
81965046232,-2,0,-1,-2,-1,-1,0,-1
81965046232,-3,-6,-1,-1,0,-1,-1,-2
81965049770,16,5,-1,-2,0,0,1,1
81965049770,0,-3,0,0,-1,0,0,-1
81965059905,-4,-3,-6,-3,-3,-2,-2,-3
81965059905,2,2,2,-2,-1,-1,1,-1
81965066655,-6,-3,0,-1,-1,-1,-2,-3
81965066655,-1,1,-2,-2,0,-2,-1,-1
81965083003,7,2,-1,1,0,0,-1,1
81965083003,-14,-12,-2,-3,-2,1,0,0
81965084649,-3,5,-2,-1,-1,0,-3,-1
81965084649,-8,-16,-3,-1,-2,-3,-2,-1
81965105524,0,4,1,-1,0,1,-1,-1
81965105524,2,-3,-2,0,-2,-1,-2,0
81965107101,-1,-2,2,0,-2,-1,-1,0
81965107101,-1,5,0,0,0,0,0,0
81965119246,-5,-5,-6,-3,-3,-2,-2,-3
81965119246,10,0,-1,-1,-1,-3,0,0
81965128184,-12,-7,-4,-1,-1,-1,-2,-5
81965128184,0,6,0,0,0,-1,0,-1
81965143040,-3,-4,1,0,-1,-1,-1,-1
81965143040,3,3,-1,-2,0,-1,0,-1
81965144646,1,-5,-2,-1,-2,-3,-1,-2
81965144646,3,-1,-1,1,-1,-1,0,-2
81965165471,-3,-2,-4,-7,-5,-2,-1,-1
81965165471,-4,2,-1,-1,0,-1,-3,-3
81965167066,-3,-5,1,-2,-2,-2,-2,0
81965167066,-1,-1,-1,-1,-1,0,0,-1
81965179167,-2,2,0,4,3,-3,-1,-1
81965179167,1,-1,1,-2,-2,-1,-2,-3
81965188179,-9,-10,-2,0,-1,-2,-1,-1
81965188179,3,2,0,-2,-3,-1,0,-1
81965203230,-2,3,-1,-2,0,0,-1,-2
81965203230,-1,-19,0,-1,-3,-2,-1,0
81965204652,-1,4,-1,-1,1,-1,0,0
81965204652,-2,-1,0,-1,0,-3,-1,0
81965233261,-2,-1,1,-1,1,0,0,0
81965233261,-4,1,-4,-1,0,-1,-1,-2
81965234635,-2,-2,-1,-2,-2,-2,1,0
81965234635,10,-3,0,-1,-1,0,-2,0
81965239241,27,-3,-1,-1,-2,-1,-2,-5
81965239241,-3,17,2,0,-1,-2,0,4
81965248124,1,-33,-1,-2,-1,-1,-2,-5
81965248124,-7,2,-3,-2,-1,-1,-1,0
81965263251,-9,-3,-2,1,0,0,-2,-4
81965263251,4,8,2,1,-1,0,-1,0
81965264645,-2,13,-1,-2,-3,0,-2,-2
81965264645,-3,-6,-2,-3,-3,-2,-1,-1
81965285509,8,2,4,2,0,0,-1,2
81965285509,-7,-7,-6,-3,-1,-2,-1,-3
81965287082,-12,1,-1,-2,0,0,0,2
81965287082,-3,2,1,0,-1,0,-2,-3
81965299154,-9,2,0,0,-2,-1,0,0
81965299154,-5,-4,-3,-2,-1,-3,-3,-3
81965308092,7,1,-1,0,0,-1,-1,0
81965308092,-1,1,-2,-2,0,1,0,-1
81965323018,-8,-6,-1,-4,-1,-2,-2,-1
81965323018,6,-3,2,0,-1,-1,-1,-1
81965324575,-2,1,-1,0,-1,-2,-3,0
81965324575,-3,-2,-3,-1,-1,0,-2,-2
81965345573,-5,-3,-2,-1,-1,-1,-1,0
81965345573,0,0,-2,0,-1,0,-2,-1
81965347186,8,3,1,0,-1,1,1,0
81965347186,-6,22,3,1,-1,-2,-1,1
81965359163,-5,-8,-1,-2,-2,-3,-1,0
81965359163,23,38,2,-1,-4,-1,-1,-2
81965368168,-5,-18,-1,-1,-2,-1,-1,2
81965368168,4,-2,-1,-2,-3,-1,-1,0
81965383029,0,-3,-4,0,1,0,0,-1
81965383029,-11,5,1,0,-1,0,-1,1
81965384611,-2,11,-3,-3,-1,-3,-1,-1
81965384611,-15,-16,-1,-1,-2,-2,-2,-4
81965405577,-2,0,1,0,-2,-1,-2,-1
81965405577,-4,-17,-4,-1,-2,-1,-1,0
81965407187,4,4,-3,-3,-1,-2,-1,-2
81965407187,-2,-11,-5,-3,0,0,-1,0
81965419405,3,7,-1,-1,-2,-1,-1,0
81965419405,-5,-9,-3,-1,-1,-1,-1,-3
81965428219,-5,-1,0,0,-2,-1,0,-2
81965428219,3,2,0,-2,-2,-3,-1,-1
81965443186,-4,-4,-2,-2,-4,-2,0,1
81965443186,0,-6,1,0,0,-2,-1,-1
81965444670,0,4,1,-1,-1,0,0,-1
81965444670,-1,-7,-9,-2,0,-1,-1,0
81965465745,9,-20,0,0,0,-1,-2,0
81965465745,-8,-5,-1,-2,0,-2,-1,0
81965467125,5,4,1,-1,-3,-1,0,-1
81965467125,4,-2,1,1,-1,0,-2,-1
81965479313,-5,4,-1,-3,-2,-1,-3,1
81965479313,-14,-19,-5,-2,1,0,-1,-2
81965488175,-2,-1,-2,-1,-1,-2,-1,-1
81965488175,-3,-1,0,-1,-1,-1,-2,-2
81965503089,9,27,1,0,-1,1,-1,-3
81965503089,-29,-27,-3,-1,1,0,-1,-1
81965504638,-4,4,1,0,-1,-2,-1,-2
81965504638,-2,-3,-1,-1,-3,-2,0,0
81965533181,-3,3,1,0,0,-1,-1,0
81965533181,14,6,0,-2,0,-1,0,-1
81965534705,7,3,-4,1,-1,0,-2,0
81965534705,-9,1,0,0,0,1,0,-1
81965548101,-9,-10,-4,-2,-1,0,-2,-2
81965548101,5,4,-1,-1,-2,-2,-1,-1
81965549665,-4,-5,-4,-2,-2,0,0,-1
81965549665,6,1,0,0,-1,-3,-2,-1
81965563025,-4,-1,-1,2,1,-2,0,-1
81965563025,4,20,-1,-2,-2,0,-1,0
81965564660,-8,-6,-2,-1,-2,-1,-2,-2
81965564660,5,9,1,0,0,-1,-2,-1
81965585531,-7,-5,-3,0,-2,-1,-1,-4
81965585531,-2,1,0,-1,-1,-3,-1,-4
81965587126,-5,-3,-2,-1,0,-2,-2,0
81965587126,-3,-5,-3,-3,-3,0,0,-2
81965608073,3,-3,1,-2,0,-2,-1,0
81965608073,-3,-2,-1,-2,-1,-1,-1,0
81965609672,-1,2,0,0,0,-1,-1,-1
81965609672,-2,-9,2,-1,0,0,-3,0
81965623001,-2,1,0,0,-2,-1,0,1
81965623001,5,-4,-2,-1,-2,0,0,-2
81965624683,-1,-6,-3,-2,1,0,-1,-1
81965624683,3,1,-1,-2,0,-2,-3,-2
81965645714,-23,1,-1,-2,-4,-1,-1,-1
81965645714,1,-5,-1,1,0,-2,-1,-1
81965647115,1,15,0,-1,-1,0,-2,0
81965647115,1,-18,-2,-1,-2,-1,0,0
81965668043,13,-22,-3,-2,0,-1,0,1
81965668043,-5,-5,-3,-3,-2,-2,-2,-3
81965669589,3,10,3,-1,-2,-2,0,-2
81965669589,-2,1,-1,-1,1,-1,-1,-1
81965682966,0,0,-1,-2,1,-1,-2,-2
81965682966,-1,-2,0,-1,-2,-1,-2,0
81965684596,1,-10,-3,-2,-1,-2,-2,-1
81965684596,-5,6,0,-1,-1,-1,0,-3
81965705520,-1,-1,-2,1,-1,0,1,-2
81965705520,6,3,-5,-2,-1,1,-1,-1
81965707107,-4,1,-1,-1,-1,0,-2,-2
81965707107,1,-2,1,-2,-1,-1,-1,0
81965727922,-1,7,-2,0,-2,-1,-2,-1
81965727922,2,-3,-1,-1,-1,-1,-2,0
81965729563,-1,-5,-1,0,-1,-1,-1,-1
81965729563,-2,1,-3,-2,-4,-4,0,-1
81965742305,-1,-2,0,0,-3,-1,-1,-1
81965742305,-3,4,0,-1,-1,-1,0,-1
81965749140,-2,-5,-3,-2,0,-2,-2,0
81965749140,2,1,-1,-1,0,0,-2,1
81965765685,-3,9,1,-1,1,0,-2,-1
81965765685,6,-13,-3,-2,-2,-3,-2,4
81965767108,-1,-2,-1,-1,0,1,1,-2
81965767108,0,2,-2,1,0,0,-1,-1
81965788232,1,0,1,-2,0,0,-1,-1
81965788232,-2,1,0,1,-2,0,0,-4
81965789636,-1,-3,-1,-2,0,-1,-1,-1
81965789636,-2,-3,-1,-3,-4,-2,-2,4
81965802505,-3,-4,-3,-2,-3,-1,-2,-1
81965802505,-1,0,1,-2,-1,0,-2,-3
81965809153,1,16,0,1,-2,-2,4,4
81965809153,-2,-16,-4,-4,-1,-2,-1,-3
81965825517,-1,2,1,-1,0,-1,-1,-2
81965825517,0,0,0,0,-2,-1,1,1
81965827155,-5,0,-2,0,0,-1,-4,-5
81965827155,-2,0,-4,0,-1,-1,-1,-3
81965848063,2,-4,-3,-2,-1,-1,-3,0
81965848063,-2,-6,-1,-2,-1,0,0,-3
81965849641,0,-5,-1,1,-1,-2,1,1
81965849641,15,10,2,3,-1,0,0,0
81965862565,-2,-3,-1,-2,-2,-2,1,-1
81965862565,-2,4,1,-2,0,0,-1,0
81965869388,1,-8,1,-2,-1,-1,-1,1
81965869388,-18,6,-2,-1,-2,-1,-3,-1
81965885761,-3,1,0,-1,-1,-2,0,0
81965885761,4,7,-2,-2,0,-2,-1,0
81965887189,3,-20,-3,-3,-2,-1,-1,-1
81965887189,1,-2,-2,-1,-1,-1,-2,-4
81965908216,2,0,-1,1,-1,-1,-1,-2
81965908216,-5,0,0,-2,-1,-2,1,1
81965909689,-2,5,0,-2,-1,-2,-2,-4
81965909689,3,13,3,0,2,0,-1,0
81965922406,-8,-28,-5,-1,-3,-2,-2,-1
81965922406,2,-2,0,1,0,-3,-3,-2
81965929334,-5,-2,-2,0,-1,0,-2,-1
81965929334,4,0,0,-2,0,0,-1,0
81965945710,0,5,-3,-1,0,-1,-2,-2
81965945710,5,0,-2,-1,-1,-1,-1,-2
81965947121,-3,4,0,-1,-2,-2,-1,-2
81965947121,-7,-6,-4,-2,-2,-3,-1,-2
81965968254,4,1,-3,-1,-1,-1,-1,-3
81965968254,2,0,-1,0,-1,1,0,6
81965969632,-1,-1,-1,1,-2,-1,-2,-2
81965969632,7,4,0,-1,-2,0,0,-1
81965982362,-4,-1,0,-1,0,-2,-1,-1
81965982362,1,3,-2,0,0,0,-2,-2
81965989366,-4,-1,-3,-1,0,0,-1,0
81965989366,-3,-7,1,-1,-1,-2,0,-2
81966005453,4,2,1,0,2,0,0,0
81966005453,-6,-4,-6,-4,-3,-1,-1,-2
81966007102,1,-2,0,-4,-3,-1,1,0
81966007102,-2,-4,-2,0,-1,-1,1,-3
81966028970,-2,3,-1,-3,0,-3,-1,0
81966028970,-11,-20,2,0,-1,-1,1,-3
81966030737,5,5,-2,-3,0,-4,-1,-2
81966030737,3,18,1,-2,-1,0,-1,2
81966041634,-2,-1,-2,-1,-1,0,-2,0
81966041634,-2,3,1,0,0,-1,-1,1
81966050592,-2,-6,1,1,-2,0,-2,-1
81966050592,-1,-2,-1,-1,0,-1,-2,-2
81966065525,1,5,-2,-1,-2,-2,-2,0
81966065525,6,2,-2,-2,-2,-1,-2,-4
81966067024,-5,2,0,1,0,2,1,6
81966067024,-4,-5,-4,-1,-3,-2,-3,-4
81966088174,-13,-15,-4,-4,-3,-2,-2,-1
81966088174,-1,-3,-3,0,-2,-2,0,-2
81966089664,0,-4,-3,0,-2,-1,0,-4
81966089664,0,-6,-1,-2,-2,-2,-1,2
81966101598,3,2,-1,0,-2,-1,0,3
81966101598,-2,1,-1,-2,1,0,-2,-3
81966110658,-5,-6,-2,-2,0,-1,-2,-3
81966110658,2,3,1,0,-1,0,0,0
81966125665,3,1,-1,-3,-2,-1,-1,-1
81966125665,-5,-3,-1,-2,0,0,-1,0
81966127140,1,0,-1,0,-2,-1,-2,-3
81966127140,-2,-7,-3,-3,-1,-1,-1,-2
81966148026,-1,-1,-3,0,0,0,1,-3
81966148026,3,10,2,0,-1,-2,-1,1
81966149622,-4,-25,-5,-2,0,-2,-1,-2
81966149622,-1,-3,-1,0,0,-2,-2,-2
81966161628,1,3,0,0,-2,0,-1,0
81966161628,-2,-3,-2,0,-1,-1,-1,-2
81966170606,-5,6,0,-1,-2,-2,-2,-7
81966170606,-4,-5,-1,0,-2,-1,0,6
81966185487,7,4,0,0,-2,-1,-1,-2
81966185487,-19,-11,-6,-2,0,-2,-3,-4
81966187088,11,7,-1,-1,1,0,0,2
81966187088,-3,-1,0,3,1,0,0,-1
81966208142,-8,2,-1,-4,-3,-2,-1,-3
81966208142,1,-1,2,0,0,-2,0,-1
81966209576,-2,3,-2,-2,-2,-2,-1,-2
81966209576,-9,-10,-3,-3,-1,0,-2,-4
81966221736,-4,-4,-3,-2,-1,1,-1,0
81966221736,3,16,3,1,0,-1,-3,-1
81966230886,-12,-16,-3,0,0,-3,-3,-2
81966230886,2,-2,-1,-3,-2,-1,-1,-1
81966245744,3,3,2,0,-1,-2,-2,0
81966245744,-4,2,0,-3,-1,-1,-1,-1
81966247121,-1,-14,-1,-1,-1,-2,-1,0
81966247121,-1,-1,-3,0,-2,-1,-1,-2
81966268012,1,-6,-1,1,-1,0,1,2
81966268012,4,-8,-1,-2,-2,0,0,-1
81966269617,1,7,0,-2,-2,1,0,1
81966269617,-2,-2,-2,-3,0,0,-2,-1
81966281650,-2,-2,1,-1,0,-1,-1,-1
81966281650,-1,-1,-2,0,-1,0,-1,-2
81966290589,-2,4,0,-2,-2,-3,-2,-1
81966290589,0,1,0,-1,-3,-2,-2,-2
81966305515,3,10,-2,0,-2,-2,0,-2
81966305515,-4,-8,-1,-2,-1,-1,-2,1
81966307081,1,6,-1,-1,0,-1,0,0
81966307081,0,-4,0,0,0,-2,-1,-2
81966328119,-3,-3,-4,-2,0,-2,-2,-3
81966328119,5,-5,0,0,-1,-2,0,-1
81966329662,3,10,-1,0,-1,1,-2,-2
81966329662,-2,1,-4,-3,-4,-1,-2,-2
81966341698,-1,-4,-1,-1,-1,0,0,-1
81966341698,4,1,0,-1,-2,0,0,-1
81966350681,2,5,1,-2,-1,-1,0,1
81966350681,-8,-29,-4,-2,-1,-2,-2,-1
81966365521,13,7,1,-2,0,0,0,-1
81966365521,-1,-1,-3,-2,-2,-2,-2,-1
81966367129,-1,17,0,-1,-1,-1,0,-1
81966367129,2,8,0,1,-1,-1,0,-1
81966388080,-7,-6,-3,1,1,-1,-1,-2
81966388080,-4,-6,-2,-2,-2,-1,-1,-2
81966389628,0,1,-1,-2,-1,-2,-2,0
81966389628,-1,3,1,0,1,-1,0,-1
81966401714,-3,-5,0,-1,-3,-1,-2,0
81966401714,-1,8,0,-2,-1,-1,-2,0
81966410712,-3,-3,-3,0,-1,-1,0,0
81966410712,2,3,0,0,-1,0,0,-2
81966425656,-3,-5,-1,-3,-3,-1,0,0
81966425656,-2,-3,0,2,0,-3,-2,0
81966427136,-1,-6,0,0,-2,-1,-1,-3
81966427136,-2,0,0,-2,0,0,-1,-1
81966447947,-2,2,-2,-2,-1,-1,-2,-3
81966447947,-5,-5,-3,-1,-2,0,-1,-2
81966449571,7,-2,-1,0,-1,1,0,-1
81966449571,2,6,1,0,-2,-2,0,3
81966461579,-10,-4,-2,0,-1,-2,-1,-2
81966461579,0,3,0,-1,-1,-2,-2,-2
81966470665,-5,-6,-3,-3,-1,-2,-4,-3
81966470665,-9,-12,-5,-3,-1,-1,-1,4
81966485630,8,20,4,0,1,-2,0,-1
81966485630,-6,5,0,0,-2,0,-1,0
81966487174,3,-5,-4,-1,-3,-3,-2,-2
81966487174,-5,2,0,0,-1,0,-2,-3
81966508030,-2,-3,-2,2,0,-1,-1,-3
81966508030,-1,-5,-2,-2,-2,-2,-1,0
81966509617,4,7,1,-1,-1,0,-1,0
81966509617,2,4,-1,-1,0,-1,-1,-2
81966530575,-3,-8,-2,-2,-3,-1,-3,0
81966530575,3,-2,0,0,0,1,0,0
81966532161,-4,-8,-4,-1,-1,-2,0,0
81966532161,1,-1,0,-1,-1,0,-1,-3
81966553119,-2,-5,0,-1,-1,0,0,-2
81966553119,-2,-3,-6,0,-3,-1,-4,-1
81966554609,-3,1,0,0,-1,-1,-2,0
81966554609,1,2,-3,0,0,-2,0,-1
81966568013,0,-2,-4,0,-1,0,-2,0
81966568013,3,1,2,0,0,-1,1,0
81966569593,-3,-3,2,-1,-2,0,1,0
81966569593,3,1,0,-2,0,-1,-2,-2
81966590485,-2,-3,-3,-3,-1,-2,-2,-1
81966590485,-1,-5,-2,-2,-3,-1,0,1
81966592061,-4,-2,-3,0,1,0,0,1
81966592061,-14,-11,-3,-3,-2,-1,-2,-3
81966605571,0,2,1,-2,-1,0,-1,0
81966605571,-2,2,-1,-1,-1,-2,0,-2
81966607078,7,1,-3,0,0,0,-1,-1
81966607078,-8,-18,-2,-2,-2,-3,0,-4
81966628196,2,-1,-2,0,1,-1,-1,-1
81966628196,-5,-1,-3,-4,-2,-1,-1,-1
81966629616,-6,-5,-2,0,-2,-1,-2,-1
81966629616,4,8,-1,0,0,-1,-1,0
81966650682,-2,-4,0,0,-2,-2,-1,-2
81966650682,0,-4,-2,0,-1,0,-1,-1
81966652149,-4,3,0,-1,-1,-1,-2,-1
81966652149,0,2,-1,1,-1,-2,1,0
81966664912,-1,0,0,-1,-3,-3,-2,-2
81966664912,-1,-1,-2,-1,0,-2,-3,0
81966671613,-4,-2,1,0,-1,-2,-1,-1
81966671613,3,4,-2,-1,-1,1,-1,-2
81966688062,-2,12,1,-1,-1,-1,0,-1
81966688062,-3,-6,-1,-1,-2,0,0,-1
81966689650,0,0,1,-3,0,1,1,-1
81966689650,1,2,-2,0,0,0,0,1
81966710780,-2,-2,-3,0,-3,-3,-3,0
81966710780,-1,-1,-4,-3,-1,1,0,-2
81966712129,-2,-3,-2,-2,-2,-1,-2,-3
81966712129,-6,0,-2,-2,-2,-2,-2,3
81966725137,2,-8,-4,-3,-2,-4,-2,0
81966725137,-14,6,3,0,1,-2,1,-1
81966731827,1,-5,0,-2,-1,-1,-1,0
81966731827,7,11,0,-2,0,-1,-3,-1
81966749575,-3,-32,-2,-2,-2,0,-2,-1
81966749575,1,-3,-2,0,-1,-3,-1,-2
81966749648,-4,2,-1,0,-1,-1,-1,-1
81966749648,-1,2,0,0,-3,0,0,0
81966770497,0,4,0,-1,0,-1,0,-1
81966770497,4,1,-1,-1,0,-1,-1,-2
81966772097,-3,-7,-1,0,0,-2,-1,-1
81966772097,2,-6,-2,-1,-3,-2,-2,-1
81966784823,-2,3,0,0,0,0,0,-1
81966784823,0,-5,-2,-1,-3,-4,-2,0
81966791686,-1,5,-1,-2,1,0,0,0
81966791686,-1,-2,-2,-3,0,-2,0,-2
81966807953,-4,3,-1,-1,0,0,0,-2
81966807953,-1,1,-1,-1,-2,-1,-2,-2
81966809548,1,-3,-2,-1,-2,-1,-1,-1
81966809548,-2,-3,-1,-1,-2,-1,0,-1
81966830715,-2,0,-1,0,-2,-1,-1,0
81966830715,2,-1,-1,-2,-2,-2,-2,-4
81966832092,-1,-3,-2,-3,-1,-3,-2,2
81966832092,0,-2,0,-2,0,1,-1,-2
81966844864,-2,1,-1,0,0,1,-1,0
81966844864,-3,-6,-3,0,-2,0,0,-2
81966851622,4,3,0,-2,-1,-1,-1,-2
81966851622,-3,-2,-1,-1,0,-3,-2,-3
81966868168,-2,-2,0,-2,-1,-1,0,-1
81966868168,-4,14,-3,-2,0,-1,-3,0
81966869680,12,-5,1,2,0,1,1,0
81966869680,0,-2,-1,0,-1,0,-1,2
81966890562,-3,-1,-2,1,0,-2,0,-1
81966890562,2,1,0,-1,-1,0,-1,0
81966892169,-6,1,-2,-1,-1,-1,0,-1
81966892169,-1,1,0,-2,-1,-1,-2,-2
81966905057,2,-1,-1,-2,-2,-1,-2,-3
81966905057,-1,-6,-3,-2,-1,-1,0,-1
81966911878,-5,-1,-4,-2,-2,-1,-2,-2
81966911878,-1,-3,1,4,0,-2,0,-1
81966927931,-6,-1,-3,-4,-2,-1,-1,-1
81966927931,2,-3,0,0,0,-2,-1,0
